{
    "textVQA": 0.7608600000000035,
    "docVQA": 0.8220030998893203
}