{
    "MiniCPM-V-3-l-600": 0.7250000000000034,
    "MiniCPM-V-3-l-800": 0.7260400000000033,
    "MiniCPM-V-3-sp-400": 0.7250800000000032,
    "MiniCPM-V-3-sp-600": 0.7248800000000033
}