{
    "textVQA": 0.7564200000000032,
    "docVQA": 0.8175012335403917
}