{
    "textVQA": 0.7617600000000035,
    "docVQA": 0.8172493816557448
}