{
    "textVQA": 0.7620000000000037,
    "docVQA": 0.8203781774091041
}