{
    "textVQA": 0.7608000000000036,
    "docVQA": 0.8196155802967774
}