{
    "textVQA": 0.7703200000000038,
    "docVQA": 0.843571534987981
}