{
    "textVQA": 0.7627400000000036,
    "docVQA": 0.8362089766463707
}