{
    "textVQA": 0.7598400000000036,
    "docVQA": 0.8219371462109819
}