{
    "textVQA": 0.7706800000000037,
    "docVQA": 0.8436263614416395
}