{
    "textVQA": 0.7522200000000032,
    "docVQA": 0.8154828922222827
}