{
    "textVQA": 0.7721800000000038,
    "docVQA": 0.8443412479627003
}