{
    "textVQA": 0.7718000000000037,
    "docVQA": 0.8442630053408441
}