{
    "textVQA": 0.7568600000000034,
    "docVQA": 0.8159338810744132
}