{
    "textVQA": 0.7611600000000035,
    "docVQA": 0.8222516595181378
}