{
    "textVQA": 0.7616400000000036,
    "docVQA": 0.8214361221149868
}