{
    "textVQA": 0.7633600000000038,
    "docVQA": 0.8412168137192506
}